f_stat,p_value,split
0.5777719128785983,0.8501860690578119,2022-11-01 00:00:00
