lb_stat,lb_pvalue
6.272508120940983,0.9017265348303273
