{
  "adf_stat": -1.7343617710606405,
  "adf_p": 0.4135008398515234,
  "kpss_stat": 0.4540824270223555,
  "kpss_p": 0.05384378145588125
}