f_stat,p_value,split
1.0189487149851115,0.4808471949325406,2022-11-01 00:00:00
