lb_stat,lb_pvalue
6.89352265228553,0.8645690232267209
