{
  "adf_stat": -11.166480567541234,
  "adf_p": 2.706356740975893e-20,
  "kpss_stat": 0.2707491832109849,
  "kpss_p": 0.1
}