f_stat,p_value,split
0.3695250877960241,0.9779495633295034,2022-11-01 00:00:00
