lb_stat,lb_pvalue
8.512792437182162,0.743884229693444
