{
  "adf_stat": -9.767386553907844,
  "adf_p": 7.288232898551707e-17,
  "kpss_stat": 0.1890003676877713,
  "kpss_p": 0.1
}