f_stat,p_value,split
0.2992455118502855,0.9921727850312845,2022-11-01 00:00:00
