lb_stat,lb_pvalue
23.972308998415112,0.020518144018439603
