{
  "adf_stat": -2.117335100448565,
  "adf_p": 0.23760144243392234,
  "kpss_stat": 0.1897778886690741,
  "kpss_p": 0.1
}