f_stat,p_value,split
0.2670028225870382,0.9957349191267509,2022-11-01 00:00:00
