lb_stat,lb_pvalue
13.50699295895309,0.333291142143587
