{
  "adf_stat": -7.006867997458687,
  "adf_p": 7.085031952373153e-10,
  "kpss_stat": 0.39718819268483174,
  "kpss_p": 0.07836715832550356
}