f_stat,p_value,split
0.6466925836798588,0.814493765378555,2022-11-01 00:00:00
