lb_stat,lb_pvalue
8.732140721913012,0.7256228831461213
