{
  "adf_stat": -11.244117730903673,
  "adf_p": 1.7770389035354507e-20,
  "kpss_stat": 0.19506112535533165,
  "kpss_p": 0.1
}