f_stat,p_value,split
0.5627931948091468,0.8805596888222876,2022-11-01 00:00:00
