lb_stat,lb_pvalue
10.859426069003497,0.5410028340004491
