{
  "adf_stat": -7.4329312356459,
  "adf_p": 6.291115813572943e-11,
  "kpss_stat": 0.38206174736471304,
  "kpss_p": 0.08488717786003748
}