f_stat,p_value,split
1.1698713915492471,0.36811878584968294,2022-11-01 00:00:00
