lb_stat,lb_pvalue
5.993534029381887,0.9164076523892889
