{
  "adf_stat": -2.666708843673635,
  "adf_p": 0.07997837043823736,
  "kpss_stat": 0.1823720635326971,
  "kpss_p": 0.1
}