f_stat,p_value,split
1.082063396498206,0.4310689375180822,2022-11-01 00:00:00
