lb_stat,lb_pvalue
19.11611423636014,0.08576454225337524
