{
  "adf_stat": -4.860482157816582,
  "adf_p": 4.160717290412215e-05,
  "kpss_stat": 0.4723875413542299,
  "kpss_p": 0.047885688884182466
}