f_stat,p_value,split
0.28837791027737975,0.9935498759743687,2022-11-01 00:00:00
