lb_stat,lb_pvalue
13.11351044168155,0.3608445525806198
