{
  "adf_stat": -1.2576995079287607,
  "adf_p": 0.648295961230606,
  "kpss_stat": 0.8353562077845443,
  "kpss_p": 0.01
}