f_stat,p_value,split
0.32068308420947356,0.9888635354728599,2022-11-01 00:00:00
