lb_stat,lb_pvalue
6.758196775390547,0.8731704831696006
