{
  "adf_stat": -6.553486092696849,
  "adf_p": 8.732610371147169e-09,
  "kpss_stat": 0.3819067053163369,
  "kpss_p": 0.08495400632916512
}