f_stat,p_value,split
0.48530405386437236,0.9300358801675018,2022-11-01 00:00:00
