lb_stat,lb_pvalue
17.37318048014717,0.13609048917703195
