{
  "adf_stat": -0.15319389457224325,
  "adf_p": 0.9438756481674041,
  "kpss_stat": 1.0278132880968014,
  "kpss_p": 0.01
}