f_stat,p_value,split
0.07723084827834588,0.9999988318340511,2022-11-01 00:00:00
