lb_stat,lb_pvalue
8.264439075462256,0.7641389644614115
