{
  "adf_stat": -7.17653880737019,
  "adf_p": 2.7180179371503785e-10,
  "kpss_stat": 0.1086187539042137,
  "kpss_p": 0.1
}